log,arquivo_origem,client_info,tradetime,log_info,latency_info,date,grupo
2024-10-02 09:25:30 | DEBUG | Latency - 50514490205WINV24medExp - TradeTime 2024-10-02 09:25:28.595000 - Buy Order Done 2024-10-02 09:25:30.447000,latency.2024-10-02_09-03-49_588609.log,50514490205WINV24medExp,2024-10-02 09:25:28.595000,Buy Order Done,2024-10-02 09:25:30.447000,2024-10-02,49620
2024-10-02 09:29:53 | DEBUG | Latency - 50514490205WINV24medExp - TradeTime 2024-10-02 09:29:52.663000 - Sell Order Done 2024-10-02 09:29:53.810000,latency.2024-10-02_09-03-49_588609.log,50514490205WINV24medExp,2024-10-02 09:29:52.663000,Sell Order Done,2024-10-02 09:29:53.810000,2024-10-02,63459
2024-10-02 10:15:11 | DEBUG | Latency - 50514490205WINV24medExp - TradeTime 2024-10-02 10:15:10.962000 - Buy Order Done 2024-10-02 10:15:11.786000,latency.2024-10-02_09-53-33_849074.log,50514490205WINV24medExp,2024-10-02 10:15:10.962000,Buy Order Done,2024-10-02 10:15:11.786000,2024-10-02,165511
2024-10-02 10:24:14 | DEBUG | Latency - 50514490205WINV24medExp - TradeTime 2024-10-02 10:24:10.656000 - Sell Order Done 2024-10-02 10:24:14.201999,latency.2024-10-02_09-53-33_849074.log,50514490205WINV24medExp,2024-10-02 10:24:10.656000,Sell Order Done,2024-10-02 10:24:14.201999,2024-10-02,198133
2024-10-02 10:25:24 | DEBUG | Latency - 50514490205WINV24medExp - TradeTime 2024-10-02 10:25:23.704000 - Buy Order Done 2024-10-02 10:25:24.393000,latency.2024-10-02_09-53-33_849074.log,50514490205WINV24medExp,2024-10-02 10:25:23.704000,Buy Order Done,2024-10-02 10:25:24.393000,2024-10-02,204911
2024-10-02 10:29:05 | DEBUG | Latency - 50514490205WINV24medExp - TradeTime 2024-10-02 10:29:05.216000 - Sell Order Done 2024-10-02 10:29:05.672999,latency.2024-10-02_09-53-33_849074.log,50514490205WINV24medExp,2024-10-02 10:29:05.216000,Sell Order Done,2024-10-02 10:29:05.672999,2024-10-02,212999
2024-10-02 10:32:46 | DEBUG | Latency - 50514490205WINV24medExp - TradeTime 2024-10-02 10:32:45.942000 - Buy Order Done 2024-10-02 10:32:46.307001,latency.2024-10-02_10-29-22_422794.log,50514490205WINV24medExp,2024-10-02 10:32:45.942000,Buy Order Done,2024-10-02 10:32:46.307001,2024-10-02,223842
2024-10-02 11:11:24 | DEBUG | Latency - 50514490205WINV24medExp - TradeTime 2024-10-02 11:11:23.578000 - Sell Order Done 2024-10-02 11:11:24.699000,latency.2024-10-02_11-07-42_971580.log,50514490205WINV24medExp,2024-10-02 11:11:23.578000,Sell Order Done,2024-10-02 11:11:24.699000,2024-10-02,320894
2024-10-02 11:27:18 | DEBUG | Latency - 50514490205WINV24medExp - TradeTime 2024-10-02 11:27:18.040000 - Buy Order Done 2024-10-02 11:27:18.206000,latency.2024-10-02_11-07-42_971580.log,50514490205WINV24medExp,2024-10-02 11:27:18.040000,Buy Order Done,2024-10-02 11:27:18.206000,2024-10-02,348040
2024-10-02 12:36:21 | DEBUG | Latency - 50514490205WINV24medExp - TradeTime 2024-10-02 12:36:21.663000 - Sell Order Done 2024-10-02 12:36:22.120000,latency.2024-10-02_12-09-31_333757.log,50514490205WINV24medExp,2024-10-02 12:36:21.663000,Sell Order Done,2024-10-02 12:36:22.120000,2024-10-02,450045
2024-10-02 14:15:15 | DEBUG | Latency - 50514490205WINV24medExp - TradeTime 2024-10-02 14:15:14.899000 - Buy Order Done 2024-10-02 14:15:15.177000,latency.2024-10-02_13-56-41_476456.log,50514490205WINV24medExp,2024-10-02 14:15:14.899000,Buy Order Done,2024-10-02 14:15:15.177000,2024-10-02,532965
2024-10-02 16:45:39 | DEBUG | Latency - 50514490205WINV24medExp - TradeTime 2024-10-02 16:45:38.025000 - Sell Order Done 2024-10-02 16:45:39.280000,latency.2024-10-02_15-40-55_057085.log,50514490205WINV24medExp,2024-10-02 16:45:38.025000,Sell Order Done,2024-10-02 16:45:39.280000,2024-10-02,659022
2024-10-03 09:28:07 | DEBUG | Latency - 50514490205WINV24medExp - TradeTime 2024-10-03 09:28:06.869000 - Sell Order Done 2024-10-03 09:28:07.538000,latency.2024-10-02_19-31-01_891219.log,50514490205WINV24medExp,2024-10-03 09:28:06.869000,Sell Order Done,2024-10-03 09:28:07.538000,2024-10-03,784611
2024-10-04 09:00:48 | DEBUG | Latency - 50514490205WINV24medExp - TradeTime 2024-10-04 09:00:44.226000 - Buy Order Done 2024-10-04 09:00:48.424000,latency.2024-10-04_09-00-38_279903.log,50514490205WINV24medExp,2024-10-04 09:00:44.226000,Buy Order Done,2024-10-04 09:00:48.424000,2024-10-04,892463
2024-10-04 09:01:07 | DEBUG | Latency - 50514490205WINV24medExp - TradeTime 2024-10-04 09:01:03.454000 - Zeroing Order Done 2024-10-04 09:01:07.738000,latency.2024-10-04_09-00-38_279903.log,50514490205WINV24medExp,2024-10-04 09:01:03.454000,Zeroing Order Done,2024-10-04 09:01:07.738000,2024-10-04,896524
2024-10-04 09:23:49 | DEBUG | Latency - 50514490205WINV24medExp - TradeTime 2024-10-04 09:23:48.628000 - Sell Order Done 2024-10-04 09:23:49.082999,latency.2024-10-04_09-00-38_279903.log,50514490205WINV24medExp,2024-10-04 09:23:48.628000,Sell Order Done,2024-10-04 09:23:49.082999,2024-10-04,953400
2024-10-04 09:25:46 | DEBUG | Latency - 50514490205WINV24medExp - TradeTime 2024-10-04 09:25:45.558000 - Zeroing Order Done 2024-10-04 09:25:46.599000,latency.2024-10-04_09-00-38_279903.log,50514490205WINV24medExp,2024-10-04 09:25:45.558000,Zeroing Order Done,2024-10-04 09:25:46.599000,2024-10-04,957188
2024-10-04 09:25:47 | DEBUG | Latency - 50514490205WINV24medExp - TradeTime 2024-10-04 09:25:47.288000 - Buy Order Done 2024-10-04 09:25:47.610000,latency.2024-10-04_09-00-38_279903.log,50514490205WINV24medExp,2024-10-04 09:25:47.288000,Buy Order Done,2024-10-04 09:25:47.610000,2024-10-04,957419
2024-10-04 09:25:56 | DEBUG | Latency - 50514490205WINV24medExp - TradeTime 2024-10-04 09:25:55.579000 - Zeroing Order Done 2024-10-04 09:25:56.358000,latency.2024-10-04_09-00-38_279903.log,50514490205WINV24medExp,2024-10-04 09:25:55.579000,Zeroing Order Done,2024-10-04 09:25:56.358000,2024-10-04,958231
2024-10-04 09:26:06 | DEBUG | Latency - 50514490205WINV24medExp - TradeTime 2024-10-04 09:26:06.349000 - Sell Order Done 2024-10-04 09:26:06.499000,latency.2024-10-04_09-00-38_279903.log,50514490205WINV24medExp,2024-10-04 09:26:06.349000,Sell Order Done,2024-10-04 09:26:06.499000,2024-10-04,958719
2024-10-04 09:26:15 | DEBUG | Latency - 50514490205WINV24medExp - TradeTime 2024-10-04 09:26:15.194000 - Zeroing Order Done 2024-10-04 09:26:15.347000,latency.2024-10-04_09-00-38_279903.log,50514490205WINV24medExp,2024-10-04 09:26:15.194000,Zeroing Order Done,2024-10-04 09:26:15.347000,2024-10-04,958984
2024-10-04 09:26:24 | DEBUG | Latency - 50514490205WINV24medExp - TradeTime 2024-10-04 09:26:24.704000 - Buy Order Done 2024-10-04 09:26:24.799001,latency.2024-10-04_09-00-38_279903.log,50514490205WINV24medExp,2024-10-04 09:26:24.704000,Buy Order Done,2024-10-04 09:26:24.799001,2024-10-04,959316
2024-10-04 09:27:05 | DEBUG | Latency - 50514490205WINV24medExp - TradeTime 2024-10-04 09:27:05.158000 - Zeroing Order Done 2024-10-04 09:27:05.681000,latency.2024-10-04_09-00-38_279903.log,50514490205WINV24medExp,2024-10-04 09:27:05.158000,Zeroing Order Done,2024-10-04 09:27:05.681000,2024-10-04,960154
2024-10-04 09:27:47 | DEBUG | Latency - 50514490205WINV24medExp - TradeTime 2024-10-04 09:27:47.148000 - Sell Order Done 2024-10-04 09:27:47.815000,latency.2024-10-04_09-00-38_279903.log,50514490205WINV24medExp,2024-10-04 09:27:47.148000,Sell Order Done,2024-10-04 09:27:47.815000,2024-10-04,960986
2024-10-04 09:29:29 | DEBUG | Latency - 50514490205WINV24medExp - TradeTime 2024-10-04 09:29:28.308000 - Zeroing Order Done 2024-10-04 09:29:29.005000,latency.2024-10-04_09-00-38_279903.log,50514490205WINV24medExp,2024-10-04 09:29:28.308000,Zeroing Order Done,2024-10-04 09:29:29.005000,2024-10-04,963023
2024-10-04 09:29:29 | DEBUG | Latency - 50514490205WINV24medExp - TradeTime 2024-10-04 09:29:28.312000 - Buy Order Done 2024-10-04 09:29:29.071000,latency.2024-10-04_09-00-38_279903.log,50514490205WINV24medExp,2024-10-04 09:29:28.312000,Buy Order Done,2024-10-04 09:29:29.071000,2024-10-04,963050
2024-10-04 09:29:40 | DEBUG | Latency - 50514490205WINV24medExp - TradeTime 2024-10-04 09:29:40.414000 - Zeroing Order Done 2024-10-04 09:29:40.871000,latency.2024-10-04_09-00-38_279903.log,50514490205WINV24medExp,2024-10-04 09:29:40.414000,Zeroing Order Done,2024-10-04 09:29:40.871000,2024-10-04,963797
2024-10-04 09:29:41 | DEBUG | Latency - 50514490205WINV24medExp - TradeTime 2024-10-04 09:29:40.433000 - Sell Order Done 2024-10-04 09:29:40.991001,latency.2024-10-04_09-00-38_279903.log,50514490205WINV24medExp,2024-10-04 09:29:40.433000,Sell Order Done,2024-10-04 09:29:40.991001,2024-10-04,963836
2024-10-04 09:30:03 | DEBUG | Latency - 50514490205WINV24medExp - TradeTime 2024-10-04 09:30:01.176000 - Zeroing Order Done 2024-10-04 09:30:03.693000,latency.2024-10-04_09-00-38_279903.log,50514490205WINV24medExp,2024-10-04 09:30:01.176000,Zeroing Order Done,2024-10-04 09:30:03.693000,2024-10-04,966307
2024-10-04 09:30:11 | DEBUG | Latency - 50514490205WINV24medExp - TradeTime 2024-10-04 09:30:05.290000 - Buy Order Done 2024-10-04 09:30:11.490000,latency.2024-10-04_09-00-38_279903.log,50514490205WINV24medExp,2024-10-04 09:30:05.290000,Buy Order Done,2024-10-04 09:30:11.490000,2024-10-04,968674
2024-10-04 09:30:14 | DEBUG | Latency - 50514490205WINV24medExp - TradeTime 2024-10-04 09:30:06.393000 - Zeroing Order Done 2024-10-04 09:30:14.331000,latency.2024-10-04_09-00-38_279903.log,50514490205WINV24medExp,2024-10-04 09:30:06.393000,Zeroing Order Done,2024-10-04 09:30:14.331000,2024-10-04,969356
2024-10-04 09:35:20 | DEBUG | Latency - 50514490205WINV24medExp - TradeTime 2024-10-04 09:35:19.126000 - Sell Order Done 2024-10-04 09:35:20.114000,latency.2024-10-04_09-33-23_118202.log,50514490205WINV24medExp,2024-10-04 09:35:19.126000,Sell Order Done,2024-10-04 09:35:20.114000,2024-10-04,1007091
2024-10-04 09:41:17 | DEBUG | Latency - 50514490205WINV24medExp - TradeTime 2024-10-04 09:41:16.586000 - Zeroing Order Done 2024-10-04 09:41:17.317000,latency.2024-10-04_09-33-23_118202.log,50514490205WINV24medExp,2024-10-04 09:41:16.586000,Zeroing Order Done,2024-10-04 09:41:17.317000,2024-10-04,1024451
2024-10-04 09:46:45 | DEBUG | Latency - 50514490205WINV24medExp - TradeTime 2024-10-04 09:46:44.826000 - Buy Order Done 2024-10-04 09:46:45.154000,latency.2024-10-04_09-33-23_118202.log,50514490205WINV24medExp,2024-10-04 09:46:44.826000,Buy Order Done,2024-10-04 09:46:45.154000,2024-10-04,1041565
2024-10-04 09:47:25 | DEBUG | Latency - 50514490205WINV24medExp - TradeTime 2024-10-04 09:47:24.506000 - Zeroing Order Done 2024-10-04 09:47:25.085000,latency.2024-10-04_09-33-23_118202.log,50514490205WINV24medExp,2024-10-04 09:47:24.506000,Zeroing Order Done,2024-10-04 09:47:25.085000,2024-10-04,1042915
2024-10-04 09:47:32 | DEBUG | Latency - 50514490205WINV24medExp - TradeTime 2024-10-04 09:47:32.420000 - Sell Order Done 2024-10-04 09:47:32.762000,latency.2024-10-04_09-33-23_118202.log,50514490205WINV24medExp,2024-10-04 09:47:32.420000,Sell Order Done,2024-10-04 09:47:32.762000,2024-10-04,1043431
2024-10-04 09:57:10 | DEBUG | Latency - 50514490205WINV24medExp - TradeTime 2024-10-04 09:57:10.620000 - Zeroing Order Done 2024-10-04 09:57:10.727000,latency.2024-10-04_09-33-23_118202.log,50514490205WINV24medExp,2024-10-04 09:57:10.620000,Zeroing Order Done,2024-10-04 09:57:10.727000,2024-10-04,1058852
2024-10-04 10:30:57 | DEBUG | Latency - 50514490205WINV24medExp - TradeTime 2024-10-04 10:30:56.822000 - Buy Order Done 2024-10-04 10:30:57.178000,latency.2024-10-04_10-12-21_802031.log,50514490205WINV24medExp,2024-10-04 10:30:56.822000,Buy Order Done,2024-10-04 10:30:57.178000,2024-10-04,1150909
2024-10-04 10:35:35 | DEBUG | Latency - 50514490205WINV24medExp - TradeTime 2024-10-04 10:35:35.506000 - Zeroing Order Done 2024-10-04 10:35:35.555000,latency.2024-10-04_10-12-21_802031.log,50514490205WINV24medExp,2024-10-04 10:35:35.506000,Zeroing Order Done,2024-10-04 10:35:35.555000,2024-10-04,1164003
2024-10-04 10:38:34 | DEBUG | Latency - 50514490205WINV24medExp - TradeTime 2024-10-04 10:38:33.848000 - Sell Order Done 2024-10-04 10:38:34.326000,latency.2024-10-04_10-12-21_802031.log,50514490205WINV24medExp,2024-10-04 10:38:33.848000,Sell Order Done,2024-10-04 10:38:34.326000,2024-10-04,1172856
2024-10-04 10:42:36 | DEBUG | Latency - 50514490205WINV24medExp - TradeTime 2024-10-04 10:42:36.164000 - Zeroing Order Done 2024-10-04 10:42:36.622000,latency.2024-10-04_10-12-21_802031.log,50514490205WINV24medExp,2024-10-04 10:42:36.164000,Zeroing Order Done,2024-10-04 10:42:36.622000,2024-10-04,1187515
2024-10-04 10:52:49 | DEBUG | Latency - 50514490205WINV24medExp - TradeTime 2024-10-04 10:52:48.915000 - Buy Order Done 2024-10-04 10:52:49.359000,latency.2024-10-04_10-48-23_334306.log,50514490205WINV24medExp,2024-10-04 10:52:48.915000,Buy Order Done,2024-10-04 10:52:49.359000,2024-10-04,1208216
2024-10-04 11:06:01 | DEBUG | Latency - 50514490205WINV24medExp - TradeTime 2024-10-04 11:06:00.589000 - Zeroing Order Done 2024-10-04 11:06:01.523000,latency.2024-10-04_10-48-23_334306.log,50514490205WINV24medExp,2024-10-04 11:06:00.589000,Zeroing Order Done,2024-10-04 11:06:01.523000,2024-10-04,1226405
2024-10-04 11:13:40 | DEBUG | Latency - 50514490205WINV24medExp - TradeTime 2024-10-04 11:13:39.815000 - Sell Order Done 2024-10-04 11:13:40.070000,latency.2024-10-04_10-48-23_334306.log,50514490205WINV24medExp,2024-10-04 11:13:39.815000,Sell Order Done,2024-10-04 11:13:40.070000,2024-10-04,1239534
2024-10-04 11:27:26 | DEBUG | Latency - 50514490205WINV24medExp - TradeTime 2024-10-04 11:27:26.385000 - Zeroing Order Done 2024-10-04 11:27:26.741000,latency.2024-10-04_10-48-23_334306.log,50514490205WINV24medExp,2024-10-04 11:27:26.385000,Zeroing Order Done,2024-10-04 11:27:26.741000,2024-10-04,1262856
2024-10-04 11:29:00 | DEBUG | Latency - 50514490205WINV24medExp - TradeTime 2024-10-04 11:29:00.207000 - Buy Order Done 2024-10-04 11:29:00.642000,latency.2024-10-04_10-48-23_334306.log,50514490205WINV24medExp,2024-10-04 11:29:00.207000,Buy Order Done,2024-10-04 11:29:00.642000,2024-10-04,1266355
2024-10-04 12:22:41 | DEBUG | Latency - 50514490205WINV24medExp - TradeTime 2024-10-04 12:22:40.858000 - Zeroing Order Done 2024-10-04 12:22:41.381000,latency.2024-10-04_11-48-57_114765.log,50514490205WINV24medExp,2024-10-04 12:22:40.858000,Zeroing Order Done,2024-10-04 12:22:41.381000,2024-10-04,1323948
2024-10-04 13:43:21 | DEBUG | Latency - 50514490205WINV24medExp - TradeTime 2024-10-04 13:43:21.281000 - Sell Order Done 2024-10-04 13:43:21.396000,latency.2024-10-04_11-48-57_114765.log,50514490205WINV24medExp,2024-10-04 13:43:21.281000,Sell Order Done,2024-10-04 13:43:21.396000,2024-10-04,1377950
2024-10-04 14:37:48 | DEBUG | Latency - 50514490205WINV24medExp - TradeTime 2024-10-04 14:37:47.602000 - Zeroing Order Done 2024-10-04 14:37:48.189001,latency.2024-10-04_14-08-10_592197.log,50514490205WINV24medExp,2024-10-04 14:37:47.602000,Zeroing Order Done,2024-10-04 14:37:48.189001,2024-10-04,1410075
2024-10-04 17:50:00 | DEBUG | Latency - 50514490205WINV24medExp - TradeTime 2024-10-04 17:50:00.025000 - Zeroing Order Done 2024-10-04 17:50:00.583000,latency.2024-10-04_17-15-32_272350.log,50514490205WINV24medExp,2024-10-04 17:50:00.025000,Zeroing Order Done,2024-10-04 17:50:00.583000,2024-10-04,1506033
2024-10-08 09:13:13 | DEBUG | Latency - 50514490205WINV24medExp - TradeTime 2024-10-08 09:13:13.449000 - Sell Order Done 2024-10-08 09:13:13.534999,latency.2024-10-08_09-09-14_576441.log,50514490205WINV24medExp,2024-10-08 09:13:13.449000,Sell Order Done,2024-10-08 09:13:13.534999,2024-10-08,1567344
2024-10-08 09:16:51 | DEBUG | Latency - 50514490205WINV24medExp - TradeTime 2024-10-08 09:16:50.903000 - Zeroing Order Done 2024-10-08 09:16:51.395000,latency.2024-10-08_09-09-14_576441.log,50514490205WINV24medExp,2024-10-08 09:16:50.903000,Zeroing Order Done,2024-10-08 09:16:51.395000,2024-10-08,1579157
2024-10-08 09:46:00 | DEBUG | Latency - 50514490205WINV24medExp - TradeTime 2024-10-08 09:46:00.094000 - Buy Order Done 2024-10-08 09:46:00.480000,latency.2024-10-08_09-09-14_576441.log,50514490205WINV24medExp,2024-10-08 09:46:00.094000,Buy Order Done,2024-10-08 09:46:00.480000,2024-10-08,1643987
2024-10-08 09:56:58 | DEBUG | Latency - 50514490205WINV24medExp - TradeTime 2024-10-08 09:56:58.292000 - Zeroing Order Done 2024-10-08 09:56:58.868000,latency.2024-10-08_09-09-14_576441.log,50514490205WINV24medExp,2024-10-08 09:56:58.292000,Zeroing Order Done,2024-10-08 09:56:58.868000,2024-10-08,1669588
2024-10-08 10:06:14 | DEBUG | Latency - 50514490205WINV24medExp - TradeTime 2024-10-08 10:06:13.597000 - Sell Order Done 2024-10-08 10:06:14.502000,latency.2024-10-08_09-09-14_576441.log,50514490205WINV24medExp,2024-10-08 10:06:13.597000,Sell Order Done,2024-10-08 10:06:14.502000,2024-10-08,1694677
2024-10-08 10:06:50 | DEBUG | Latency - 50514490205WINV24medExp - TradeTime 2024-10-08 10:06:49.745000 - Zeroing Order Done 2024-10-08 10:06:50.294000,latency.2024-10-08_09-09-14_576441.log,50514490205WINV24medExp,2024-10-08 10:06:49.745000,Zeroing Order Done,2024-10-08 10:06:50.294000,2024-10-08,1698545
2024-10-08 10:11:20 | DEBUG | Latency - 50514490205WINV24medExp - TradeTime 2024-10-08 10:11:19.147000 - Buy Order Done 2024-10-08 10:11:20.245001,latency.2024-10-08_09-09-14_576441.log,50514490205WINV24medExp,2024-10-08 10:11:19.147000,Buy Order Done,2024-10-08 10:11:20.245001,2024-10-08,1710448
2024-10-08 10:12:39 | DEBUG | Latency - 50514490205WINV24medExp - TradeTime 2024-10-08 10:12:39.266000 - Zeroing Order Done 2024-10-08 10:12:39.848000,latency.2024-10-08_09-09-14_576441.log,50514490205WINV24medExp,2024-10-08 10:12:39.266000,Zeroing Order Done,2024-10-08 10:12:39.848000,2024-10-08,1717724
2024-10-08 10:14:44 | DEBUG | Latency - 50514490205WINV24medExp - TradeTime 2024-10-08 10:14:44.032000 - Sell Order Done 2024-10-08 10:14:44.433000,latency.2024-10-08_09-09-14_576441.log,50514490205WINV24medExp,2024-10-08 10:14:44.032000,Sell Order Done,2024-10-08 10:14:44.433000,2024-10-08,1722682
2024-10-08 10:19:17 | DEBUG | Latency - 50514490205WINV24medExp - TradeTime 2024-10-08 10:19:16.538000 - Zeroing Order Done 2024-10-08 10:19:17.021000,latency.2024-10-08_09-09-14_576441.log,50514490205WINV24medExp,2024-10-08 10:19:16.538000,Zeroing Order Done,2024-10-08 10:19:17.021000,2024-10-08,1737707
2024-10-08 10:53:39 | DEBUG | Latency - 50514490205WINV24medExp - TradeTime 2024-10-08 10:53:38.896000 - Buy Order Done 2024-10-08 10:53:39.534000,latency.2024-10-08_10-25-36_543777.log,50514490205WINV24medExp,2024-10-08 10:53:38.896000,Buy Order Done,2024-10-08 10:53:39.534000,2024-10-08,1829582
2024-10-08 10:54:54 | DEBUG | Latency - 50514490205WINV24medExp - TradeTime 2024-10-08 10:54:54.231000 - Zeroing Order Done 2024-10-08 10:54:54.338000,latency.2024-10-08_10-25-36_543777.log,50514490205WINV24medExp,2024-10-08 10:54:54.231000,Zeroing Order Done,2024-10-08 10:54:54.338000,2024-10-08,1832331
2024-10-08 10:54:54 | DEBUG | Latency - 50514490205WINV24medExp - TradeTime 2024-10-08 10:54:54.266000 - Sell Order Done 2024-10-08 10:54:54.987000,latency.2024-10-08_10-25-36_543777.log,50514490205WINV24medExp,2024-10-08 10:54:54.266000,Sell Order Done,2024-10-08 10:54:54.987000,2024-10-08,1832332
2024-10-08 10:55:10 | DEBUG | Latency - 50514490205WINV24medExp - TradeTime 2024-10-08 10:55:10.361000 - Zeroing Order Done 2024-10-08 10:55:10.760000,latency.2024-10-08_10-25-36_543777.log,50514490205WINV24medExp,2024-10-08 10:55:10.361000,Zeroing Order Done,2024-10-08 10:55:10.760000,2024-10-08,1832906
2024-10-08 11:15:49 | DEBUG | Latency - 50514490205WINV24medExp - TradeTime 2024-10-08 11:15:48.004000 - Buy Order Done 2024-10-08 11:15:49.064000,latency.2024-10-08_10-25-36_543777.log,50514490205WINV24medExp,2024-10-08 11:15:48.004000,Buy Order Done,2024-10-08 11:15:49.064000,2024-10-08,1874845
2024-10-08 11:26:35 | DEBUG | Latency - 50514490205WINV24medExp - TradeTime 2024-10-08 11:26:35.037000 - Zeroing Order Done 2024-10-08 11:26:35.560000,latency.2024-10-08_10-25-36_543777.log,50514490205WINV24medExp,2024-10-08 11:26:35.037000,Zeroing Order Done,2024-10-08 11:26:35.560000,2024-10-08,1895914
2024-10-08 11:51:35 | DEBUG | Latency - 50514490205WINV24medExp - TradeTime 2024-10-08 11:51:35.041000 - Sell Order Done 2024-10-08 11:51:35.561000,latency.2024-10-08_10-25-36_543777.log,50514490205WINV24medExp,2024-10-08 11:51:35.041000,Sell Order Done,2024-10-08 11:51:35.561000,2024-10-08,1931599
2024-10-08 12:17:53 | DEBUG | Latency - 50514490205WINV24medExp - TradeTime 2024-10-08 12:17:52.747000 - Zeroing Order Done 2024-10-08 12:17:53.586000,latency.2024-10-08_12-16-17_068695.log,50514490205WINV24medExp,2024-10-08 12:17:52.747000,Zeroing Order Done,2024-10-08 12:17:53.586000,2024-10-08,1962333
2024-10-08 14:17:08 | DEBUG | Latency - 50514490205WINV24medExp - TradeTime 2024-10-08 14:17:07.766000 - Buy Order Done 2024-10-08 14:17:08.281999,latency.2024-10-08_12-16-17_068695.log,50514490205WINV24medExp,2024-10-08 14:17:07.766000,Buy Order Done,2024-10-08 14:17:08.281999,2024-10-08,2069058
2024-10-08 14:38:39 | DEBUG | Latency - 50514490205WINV24medExp - TradeTime 2024-10-08 14:38:38.945000 - Zeroing Order Done 2024-10-08 14:38:39.574000,latency.2024-10-08_12-16-17_068695.log,50514490205WINV24medExp,2024-10-08 14:38:38.945000,Zeroing Order Done,2024-10-08 14:38:39.574000,2024-10-08,2089042
2024-10-08 15:11:23 | DEBUG | Latency - 50514490205WINV24medExp - TradeTime 2024-10-08 15:11:23.527000 - Sell Order Done 2024-10-08 15:11:23.395000,latency.2024-10-08_12-16-17_068695.log,50514490205WINV24medExp,2024-10-08 15:11:23.527000,Sell Order Done,2024-10-08 15:11:23.395000,2024-10-08,2111745
2024-10-08 15:42:20 | DEBUG | Latency - 50514490205WINV24medExp - TradeTime 2024-10-08 15:42:20.002000 - Zeroing Order Done 2024-10-08 15:42:20.880000,latency.2024-10-08_12-16-17_068695.log,50514490205WINV24medExp,2024-10-08 15:42:20.002000,Zeroing Order Done,2024-10-08 15:42:20.880000,2024-10-08,2133699
2024-10-08 15:49:06 | DEBUG | Latency - 50514490205WINV24medExp - TradeTime 2024-10-08 15:49:06.662000 - Buy Order Done 2024-10-08 15:49:06.904000,latency.2024-10-08_12-16-17_068695.log,50514490205WINV24medExp,2024-10-08 15:49:06.662000,Buy Order Done,2024-10-08 15:49:06.904000,2024-10-08,2139578
2024-10-08 16:07:01 | DEBUG | Latency - 50514490205WINV24medExp - TradeTime 2024-10-08 16:07:01.714000 - Zeroing Order Done 2024-10-08 16:07:01.963000,latency.2024-10-08_12-16-17_068695.log,50514490205WINV24medExp,2024-10-08 16:07:01.714000,Zeroing Order Done,2024-10-08 16:07:01.963000,2024-10-08,2154594
2024-10-08 17:07:15 | DEBUG | Latency - 50514490205WINV24medExp - TradeTime 2024-10-08 17:07:15.887000 - Sell Order Done 2024-10-08 17:07:16.034000,latency.2024-10-08_16-19-43_678059.log,50514490205WINV24medExp,2024-10-08 17:07:15.887000,Sell Order Done,2024-10-08 17:07:16.034000,2024-10-08,2190658
2024-10-08 17:09:25 | DEBUG | Latency - 50514490205WINV24medExp - TradeTime 2024-10-08 17:09:25.339000 - Zeroing Order Done 2024-10-08 17:09:25.585000,latency.2024-10-08_16-19-43_678059.log,50514490205WINV24medExp,2024-10-08 17:09:25.339000,Zeroing Order Done,2024-10-08 17:09:25.585000,2024-10-08,2191738
2024-10-08 17:09:26 | DEBUG | Latency - 50514490205WINV24medExp - TradeTime 2024-10-08 17:09:25.407000 - Buy Order Done 2024-10-08 17:09:25.848000,latency.2024-10-08_16-19-43_678059.log,50514490205WINV24medExp,2024-10-08 17:09:25.407000,Buy Order Done,2024-10-08 17:09:25.848000,2024-10-08,2191844
2024-10-08 17:10:55 | DEBUG | Latency - 50514490205WINV24medExp - TradeTime 2024-10-08 17:10:55.784000 - Zeroing Order Done 2024-10-08 17:10:56.016000,latency.2024-10-08_16-19-43_678059.log,50514490205WINV24medExp,2024-10-08 17:10:55.784000,Zeroing Order Done,2024-10-08 17:10:56.016000,2024-10-08,2193670
2024-10-08 17:50:00 | DEBUG | Latency - 50514490205WINV24medExp - TradeTime 2024-10-08 17:50:00.002000 - Zeroing Order Done 2024-10-08 17:50:00.057000,latency.2024-10-08_16-19-43_678059.log,50514490205WINV24medExp,2024-10-08 17:50:00.002000,Zeroing Order Done,2024-10-08 17:50:00.057000,2024-10-08,2208123
2024-10-09 13:30:32 | DEBUG | Latency - 50514490205WINV24medExp - TradeTime 2024-10-09 13:30:32.633000 - Buy Order Done 2024-10-09 13:30:32.829999,latency.2024-10-09_11-13-11_555549.log,50514490205WINV24medExp,2024-10-09 13:30:32.633000,Buy Order Done,2024-10-09 13:30:32.829999,2024-10-09,2676225
2024-10-09 13:41:34 | DEBUG | Latency - 50514490205WINV24medExp - TradeTime 2024-10-09 13:41:34.301000 - Zeroing Order Done 2024-10-09 13:41:34.971000,latency.2024-10-09_11-13-11_555549.log,50514490205WINV24medExp,2024-10-09 13:41:34.301000,Zeroing Order Done,2024-10-09 13:41:34.971000,2024-10-09,2692678
2024-10-09 15:26:56 | DEBUG | Latency - 50514490205WINV24medExp - TradeTime 2024-10-09 15:26:55.924000 - Sell Order Done 2024-10-09 15:26:56.335001,latency.2024-10-09_14-14-12_574842.log,50514490205WINV24medExp,2024-10-09 15:26:55.924000,Sell Order Done,2024-10-09 15:26:56.335001,2024-10-09,2777914
2024-10-09 17:50:00 | DEBUG | Latency - 50514490205WINV24medExp - TradeTime 2024-10-09 17:50:00 - Zeroing Order Done 2024-10-09 17:50:00.457000,latency.2024-10-09_14-14-12_574842.log,50514490205WINV24medExp,,Zeroing Order Done,2024-10-09 17:50:00.457000,,2860781
2024-10-10 09:30:03 | DEBUG | Latency - 50514490205WINV24medExp - TradeTime 2024-10-10 09:30:01.188000 - Buy Order Done 2024-10-10 09:30:03.323000,latency.2024-10-09_14-14-12_574842.log,50514490205WINV24medExp,2024-10-10 09:30:01.188000,Buy Order Done,2024-10-10 09:30:03.323000,2024-10-10,2917341
2024-10-10 09:31:06 | DEBUG | Latency - 50514490205WINV24medExp - TradeTime 2024-10-10 09:31:05.557000 - Zeroing Order Done 2024-10-10 09:31:06.224000,latency.2024-10-10_09-30-08_304101.log,50514490205WINV24medExp,2024-10-10 09:31:05.557000,Zeroing Order Done,2024-10-10 09:31:06.224000,2024-10-10,2927409
2024-10-10 09:31:10 | DEBUG | Latency - 50514490205WINV24medExp - TradeTime 2024-10-10 09:31:09.256000 - Sell Order Done 2024-10-10 09:31:10.087000,latency.2024-10-10_09-30-08_304101.log,50514490205WINV24medExp,2024-10-10 09:31:09.256000,Sell Order Done,2024-10-10 09:31:10.087000,2024-10-10,2928336
2024-10-10 09:31:19 | DEBUG | Latency - 50514490205WINV24medExp - TradeTime 2024-10-10 09:31:18.547000 - Zeroing Order Done 2024-10-10 09:31:19.458000,latency.2024-10-10_09-30-08_304101.log,50514490205WINV24medExp,2024-10-10 09:31:18.547000,Zeroing Order Done,2024-10-10 09:31:19.458000,2024-10-10,2930334
2024-10-10 09:31:22 | DEBUG | Latency - 50514490205WINV24medExp - TradeTime 2024-10-10 09:31:22.363000 - Buy Order Done 2024-10-10 09:31:22.931000,latency.2024-10-10_09-30-08_304101.log,50514490205WINV24medExp,2024-10-10 09:31:22.363000,Buy Order Done,2024-10-10 09:31:22.931000,2024-10-10,2931093
2024-10-10 09:31:27 | DEBUG | Latency - 50514490205WINV24medExp - TradeTime 2024-10-10 09:31:26.588000 - Zeroing Order Done 2024-10-10 09:31:27.302000,latency.2024-10-10_09-30-08_304101.log,50514490205WINV24medExp,2024-10-10 09:31:26.588000,Zeroing Order Done,2024-10-10 09:31:27.302000,2024-10-10,2931870
2024-10-10 09:31:27 | DEBUG | Latency - 50514490205WINV24medExp - TradeTime 2024-10-10 09:31:26.592000 - Sell Order Done 2024-10-10 09:31:27.347000,latency.2024-10-10_09-30-08_304101.log,50514490205WINV24medExp,2024-10-10 09:31:26.592000,Sell Order Done,2024-10-10 09:31:27.347000,2024-10-10,2931876
2024-10-10 09:39:05 | DEBUG | Latency - 50514490205WINV24medExp - TradeTime 2024-10-10 09:39:03.916000 - Zeroing Order Done 2024-10-10 09:39:05.847000,latency.2024-10-10_09-30-08_304101.log,50514490205WINV24medExp,2024-10-10 09:39:03.916000,Zeroing Order Done,2024-10-10 09:39:05.847000,2024-10-10,2952207
2024-10-10 09:39:09 | DEBUG | Latency - 50514490205WINV24medExp - TradeTime 2024-10-10 09:39:07.002000 - Buy Order Done 2024-10-10 09:39:09.171000,latency.2024-10-10_09-30-08_304101.log,50514490205WINV24medExp,2024-10-10 09:39:07.002000,Buy Order Done,2024-10-10 09:39:09.171000,2024-10-10,2952772
2024-10-10 09:41:06 | DEBUG | Latency - 50514490205WINV24medExp - TradeTime 2024-10-10 09:41:06.428000 - Zeroing Order Done 2024-10-10 09:41:06.892000,latency.2024-10-10_09-30-08_304101.log,50514490205WINV24medExp,2024-10-10 09:41:06.428000,Zeroing Order Done,2024-10-10 09:41:06.892000,2024-10-10,2960401
2024-10-10 09:41:07 | DEBUG | Latency - 50514490205WINV24medExp - TradeTime 2024-10-10 09:41:07.293000 - Sell Order Done 2024-10-10 09:41:07.755000,latency.2024-10-10_09-30-08_304101.log,50514490205WINV24medExp,2024-10-10 09:41:07.293000,Sell Order Done,2024-10-10 09:41:07.755000,2024-10-10,2960576
2024-10-10 09:57:32 | DEBUG | Latency - 50514490205WINV24medExp - TradeTime 2024-10-10 09:57:32.133000 - Zeroing Order Done 2024-10-10 09:57:32.518000,latency.2024-10-10_09-30-08_304101.log,50514490205WINV24medExp,2024-10-10 09:57:32.133000,Zeroing Order Done,2024-10-10 09:57:32.518000,2024-10-10,2988155
2024-10-10 10:20:54 | DEBUG | Latency - 50514490205WINV24medExp - TradeTime 2024-10-10 10:20:53.629000 - Buy Order Done 2024-10-10 10:20:54.257000,latency.2024-10-10_09-30-08_304101.log,50514490205WINV24medExp,2024-10-10 10:20:53.629000,Buy Order Done,2024-10-10 10:20:54.257000,2024-10-10,3044647
2024-10-10 10:33:15 | DEBUG | Latency - 50514490205WINV24medExp - TradeTime 2024-10-10 10:33:14.920000 - Zeroing Order Done 2024-10-10 10:33:15.199000,latency.2024-10-10_09-30-08_304101.log,50514490205WINV24medExp,2024-10-10 10:33:14.920000,Zeroing Order Done,2024-10-10 10:33:15.199000,2024-10-10,3069919
2024-10-10 10:53:41 | DEBUG | Latency - 50514490205WINV24medExp - TradeTime 2024-10-10 10:53:41.023000 - Sell Order Done 2024-10-10 10:53:41.917000,latency.2024-10-10_10-47-57_351730.log,50514490205WINV24medExp,2024-10-10 10:53:41.023000,Sell Order Done,2024-10-10 10:53:41.917000,2024-10-10,3121103
2024-10-10 12:14:01 | DEBUG | Latency - 50514490205WINV24medExp - TradeTime 2024-10-10 12:14:00.645000 - Zeroing Order Done 2024-10-10 12:14:01.857000,latency.2024-10-10_10-47-57_351730.log,50514490205WINV24medExp,2024-10-10 12:14:00.645000,Zeroing Order Done,2024-10-10 12:14:01.857000,2024-10-10,3214432
2024-10-10 13:48:49 | DEBUG | Latency - 50514490205WINV24medExp - TradeTime 2024-10-10 13:48:49.500000 - Buy Order Done 2024-10-10 13:48:49.704000,latency.2024-10-10_10-47-57_351730.log,50514490205WINV24medExp,2024-10-10 13:48:49.500000,Buy Order Done,2024-10-10 13:48:49.704000,2024-10-10,3272973
2024-10-10 14:09:17 | DEBUG | Latency - 50514490205WINV24medExp - TradeTime 2024-10-10 14:09:17.086000 - Zeroing Order Done 2024-10-10 14:09:17.813000,latency.2024-10-10_10-47-57_351730.log,50514490205WINV24medExp,2024-10-10 14:09:17.086000,Zeroing Order Done,2024-10-10 14:09:17.813000,2024-10-10,3292589
2024-10-10 14:42:17 | DEBUG | Latency - 50514490205WINV24medExp - TradeTime 2024-10-10 14:42:17.248000 - Sell Order Done 2024-10-10 14:42:17.612000,latency.log,50514490205WINV24medExp,2024-10-10 14:42:17.248000,Sell Order Done,2024-10-10 14:42:17.612000,2024-10-10,3326401
2024-10-10 17:50:00 | DEBUG | Latency - 50514490205WINV24medExp - TradeTime 2024-10-10 17:50:00.010000 - Zeroing Order Done 2024-10-10 17:50:00.458000,latency.log,50514490205WINV24medExp,2024-10-10 17:50:00.010000,Zeroing Order Done,2024-10-10 17:50:00.458000,2024-10-10,3415458
